"AUS","GDP","TOT","USD_CAP","A","2006",37185.60903,
"AUS","GDP","TOT","USD_CAP","A","2007",38883.772424,
"AUS","GDP","TOT","USD_CAP","A","2008",39249.957535,
"AUS","GDP","TOT","USD_CAP","A","2009",40864.447552,
"AUS","GDP","TOT","USD_CAP","A","2010",42014.358834,
"AUS","GDP","TOT","USD_CAP","A","2011",43435.731703,
"AUS","GDP","TOT","USD_CAP","A","2012",42903.949962,
"AUS","GDP","TOT","USD_CAP","A","2013",46838.934633,
"AUS","GDP","TOT","USD_CAP","A","2014",46580.961488,
"AUS","GDP","TOT","USD_CAP","A","2015",46894.384431,
"AUS","GDP","TOT","USD_CAP","A","2016",48889.929896,"E"
"AUT","GDP","TOT","USD_CAP","A","2006",37647.900793,
"AUT","GDP","TOT","USD_CAP","A","2007",39378.477422,
"AUT","GDP","TOT","USD_CAP","A","2008",41316.022642,
"AUT","GDP","TOT","USD_CAP","A","2009",40977.393963,
"AUT","GDP","TOT","USD_CAP","A","2010",42099.024803,
"AUT","GDP","TOT","USD_CAP","A","2011",44469.209642,
"AUT","GDP","TOT","USD_CAP","A","2012",46477.655075,
"AUT","GDP","TOT","USD_CAP","A","2013",47936.677963,
"AUT","GDP","TOT","USD_CAP","A","2014",48991.662742,
"AUT","GDP","TOT","USD_CAP","A","2015",50108.932852,
"AUT","GDP","TOT","USD_CAP","A","2016",50688.189843,
"BEL","GDP","TOT","USD_CAP","A","2006",35406.47816,
"BEL","GDP","TOT","USD_CAP","A","2007",36857.102685,
"BEL","GDP","TOT","USD_CAP","A","2008",38133.402295,
"BEL","GDP","TOT","USD_CAP","A","2009",38049.422672,
"BEL","GDP","TOT","USD_CAP","A","2010",40127.861969,
"BEL","GDP","TOT","USD_CAP","A","2011",41450.360532,
"BEL","GDP","TOT","USD_CAP","A","2012",42585.15311,
"BEL","GDP","TOT","USD_CAP","A","2013",43745.951564,
"BEL","GDP","TOT","USD_CAP","A","2014",44854.15544,
"BEL","GDP","TOT","USD_CAP","A","2015",45776.313478,
"BEL","GDP","TOT","USD_CAP","A","2016",46760.39076,
"CAN","GDP","TOT","USD_CAP","A","2006",38009.872181,
"CAN","GDP","TOT","USD_CAP","A","2007",39441.964993,
"CAN","GDP","TOT","USD_CAP","A","2008",40277.618235,
"CAN","GDP","TOT","USD_CAP","A","2009",38791.071038,
"CAN","GDP","TOT","USD_CAP","A","2010",40027.204359,
"CAN","GDP","TOT","USD_CAP","A","2011",41565.258933,
"CAN","GDP","TOT","USD_CAP","A","2012",42145.104092,
"CAN","GDP","TOT","USD_CAP","A","2013",44097.565566,
"CAN","GDP","TOT","USD_CAP","A","2014",45082.018338,
"CAN","GDP","TOT","USD_CAP","A","2015",44204.963828,
"CAN","GDP","TOT","USD_CAP","A","2016",44025.181553,
"CZE","GDP","TOT","USD_CAP","A","2006",23725.889696,
"CZE","GDP","TOT","USD_CAP","A","2007",26054.26701,
"CZE","GDP","TOT","USD_CAP","A","2008",27724.418767,
"CZE","GDP","TOT","USD_CAP","A","2009",27502.296138,
"CZE","GDP","TOT","USD_CAP","A","2010",27608.011342,
"CZE","GDP","TOT","USD_CAP","A","2011",28795.816027,
"CZE","GDP","TOT","USD_CAP","A","2012",29051.390424,
"CZE","GDP","TOT","USD_CAP","A","2013",30496.020039,
"CZE","GDP","TOT","USD_CAP","A","2014",32359.369238,
"CZE","GDP","TOT","USD_CAP","A","2015",34058.253278,
"CZE","GDP","TOT","USD_CAP","A","2016",35127.440288,
"DNK","GDP","TOT","USD_CAP","A","2006",37318.985346,
"DNK","GDP","TOT","USD_CAP","A","2007",38963.461096,
"DNK","GDP","TOT","USD_CAP","A","2008",41282.997487,
"DNK","GDP","TOT","USD_CAP","A","2009",40381.641251,
"DNK","GDP","TOT","USD_CAP","A","2010",43088.058823,
"DNK","GDP","TOT","USD_CAP","A","2011",44407.951375,
"DNK","GDP","TOT","USD_CAP","A","2012",44808.543206,
"DNK","GDP","TOT","USD_CAP","A","2013",46742.938839,
"DNK","GDP","TOT","USD_CAP","A","2014",47904.139699,
"DNK","GDP","TOT","USD_CAP","A","2015",48992.053299,
"DNK","GDP","TOT","USD_CAP","A","2016",49837.222469,
"FIN","GDP","TOT","USD_CAP","A","2006",34382.596244,
"FIN","GDP","TOT","USD_CAP","A","2007",37688.50318,
"FIN","GDP","TOT","USD_CAP","A","2008",39969.392258,
"FIN","GDP","TOT","USD_CAP","A","2009",37868.502235,
"FIN","GDP","TOT","USD_CAP","A","2010",38811.954607,
"FIN","GDP","TOT","USD_CAP","A","2011",40683.337419,
"FIN","GDP","TOT","USD_CAP","A","2012",40619.937023,
"FIN","GDP","TOT","USD_CAP","A","2013",41293.293616,
"FIN","GDP","TOT","USD_CAP","A","2014",41504.247358,
"FIN","GDP","TOT","USD_CAP","A","2015",42281.866777,
"FIN","GDP","TOT","USD_CAP","A","2016",43363.48175,
"FRA","GDP","TOT","USD_CAP","A","2006",32567.626227,
"FRA","GDP","TOT","USD_CAP","A","2007",34176.901743,
"FRA","GDP","TOT","USD_CAP","A","2008",35184.233632,
"FRA","GDP","TOT","USD_CAP","A","2009",34795.158221,
"FRA","GDP","TOT","USD_CAP","A","2010",36056.659937,
"FRA","GDP","TOT","USD_CAP","A","2011",37485.25235,
"FRA","GDP","TOT","USD_CAP","A","2012",37671.028181,
"FRA","GDP","TOT","USD_CAP","A","2013",39515.13827,
"FRA","GDP","TOT","USD_CAP","A","2014",40246.864684,
"FRA","GDP","TOT","USD_CAP","A","2015",41199.219769,"P"
"FRA","GDP","TOT","USD_CAP","A","2016",41489.897831,"P"
"DEU","GDP","TOT","USD_CAP","A","2006",34769.442587,
"DEU","GDP","TOT","USD_CAP","A","2007",37009.825793,
"DEU","GDP","TOT","USD_CAP","A","2008",38662.606129,
"DEU","GDP","TOT","USD_CAP","A","2009",37734.236963,
"DEU","GDP","TOT","USD_CAP","A","2010",39993.301883,
"DEU","GDP","TOT","USD_CAP","A","2011",42692.50173,
"DEU","GDP","TOT","USD_CAP","A","2012",43564.07389,
"DEU","GDP","TOT","USD_CAP","A","2013",45231.971754,
"DEU","GDP","TOT","USD_CAP","A","2014",47195.293533,
"DEU","GDP","TOT","USD_CAP","A","2015",48170.020748,
"DEU","GDP","TOT","USD_CAP","A","2016",48989.491734,
"GRC","GDP","TOT","USD_CAP","A","2006",28535.859054,
"GRC","GDP","TOT","USD_CAP","A","2007",29280.365435,
"GRC","GDP","TOT","USD_CAP","A","2008",30855.935774,
"GRC","GDP","TOT","USD_CAP","A","2009",30396.41535,
"GRC","GDP","TOT","USD_CAP","A","2010",28202.722822,
"GRC","GDP","TOT","USD_CAP","A","2011",26141.091034,"P"
"GRC","GDP","TOT","USD_CAP","A","2012",25284.405782,"P"
"GRC","GDP","TOT","USD_CAP","A","2013",26097.797516,"P"
"GRC","GDP","TOT","USD_CAP","A","2014",26537.006535,"P"
"GRC","GDP","TOT","USD_CAP","A","2015",26449.951134,"P"
"GRC","GDP","TOT","USD_CAP","A","2016",26434.87501,"P"
"HUN","GDP","TOT","USD_CAP","A","2006",18308.482469,
"HUN","GDP","TOT","USD_CAP","A","2007",19022.655628,
"HUN","GDP","TOT","USD_CAP","A","2008",20678.679912,
"HUN","GDP","TOT","USD_CAP","A","2009",20672.882569,
"HUN","GDP","TOT","USD_CAP","A","2010",21576.498371,
"HUN","GDP","TOT","USD_CAP","A","2011",22841.210338,
"HUN","GDP","TOT","USD_CAP","A","2012",23094.473331,
"HUN","GDP","TOT","USD_CAP","A","2013",24463.199393,
"HUN","GDP","TOT","USD_CAP","A","2014",25645.040156,
"HUN","GDP","TOT","USD_CAP","A","2015",26699.113322,
"HUN","GDP","TOT","USD_CAP","A","2016",27007.634494,
"ISL","GDP","TOT","USD_CAP","A","2006",38653.271119,
"ISL","GDP","TOT","USD_CAP","A","2007",40745.152948,
"ISL","GDP","TOT","USD_CAP","A","2008",42417.4826,
"ISL","GDP","TOT","USD_CAP","A","2009",40967.134486,
"ISL","GDP","TOT","USD_CAP","A","2010",38414.413651,
"ISL","GDP","TOT","USD_CAP","A","2011",39466.340908,
"ISL","GDP","TOT","USD_CAP","A","2012",40486.432961,
"ISL","GDP","TOT","USD_CAP","A","2013",42631.602284,
"ISL","GDP","TOT","USD_CAP","A","2014",44289.923401,
"ISL","GDP","TOT","USD_CAP","A","2015",47691.102287,
"ISL","GDP","TOT","USD_CAP","A","2016",51122.400673,
"IRL","GDP","TOT","USD_CAP","A","2006",44269.843433,
"IRL","GDP","TOT","USD_CAP","A","2007",46728.10929,
"IRL","GDP","TOT","USD_CAP","A","2008",44216.750623,
"IRL","GDP","TOT","USD_CAP","A","2009",41628.777055,
"IRL","GDP","TOT","USD_CAP","A","2010",43343.776316,
"IRL","GDP","TOT","USD_CAP","A","2011",45176.269953,
"IRL","GDP","TOT","USD_CAP","A","2012",46468.788123,
"IRL","GDP","TOT","USD_CAP","A","2013",48296.791575,
"IRL","GDP","TOT","USD_CAP","A","2014",51657.945822,
"IRL","GDP","TOT","USD_CAP","A","2015",70146.428641,
"IRL","GDP","TOT","USD_CAP","A","2016",72772.024226,
"ITA","GDP","TOT","USD_CAP","A","2006",32193.086425,
"ITA","GDP","TOT","USD_CAP","A","2007",33781.356208,
"ITA","GDP","TOT","USD_CAP","A","2008",35154.80175,
"ITA","GDP","TOT","USD_CAP","A","2009",34269.203064,
"ITA","GDP","TOT","USD_CAP","A","2010",34752.008914,
"ITA","GDP","TOT","USD_CAP","A","2011",35935.483952,
"ITA","GDP","TOT","USD_CAP","A","2012",35757.023679,
"ITA","GDP","TOT","USD_CAP","A","2013",35885.39085,
"ITA","GDP","TOT","USD_CAP","A","2014",36294.102854,
"ITA","GDP","TOT","USD_CAP","A","2015",37407.130361,
"ITA","GDP","TOT","USD_CAP","A","2016",38328.097344,
"JPN","GDP","TOT","USD_CAP","A","2006",33061.727099,
"JPN","GDP","TOT","USD_CAP","A","2007",34534.799215,
"JPN","GDP","TOT","USD_CAP","A","2008",34803.657814,
"JPN","GDP","TOT","USD_CAP","A","2009",33102.63108,
"JPN","GDP","TOT","USD_CAP","A","2010",35003.704083,
"JPN","GDP","TOT","USD_CAP","A","2011",35775.256332,
"JPN","GDP","TOT","USD_CAP","A","2012",37213.837398,
"JPN","GDP","TOT","USD_CAP","A","2013",39008.36056,
"JPN","GDP","TOT","USD_CAP","A","2014",39435.243917,
"JPN","GDP","TOT","USD_CAP","A","2015",40737.289959,
"JPN","GDP","TOT","USD_CAP","A","2016",41540.640347,"E"
"KOR","GDP","TOT","USD_CAP","A","2006",25827.950301,
"KOR","GDP","TOT","USD_CAP","A","2007",27822.653258,
"KOR","GDP","TOT","USD_CAP","A","2008",28655.812931,
"KOR","GDP","TOT","USD_CAP","A","2009",28320.224366,
"KOR","GDP","TOT","USD_CAP","A","2010",30376.940494,
"KOR","GDP","TOT","USD_CAP","A","2011",31228.284323,
"KOR","GDP","TOT","USD_CAP","A","2012",32097.070005,
"KOR","GDP","TOT","USD_CAP","A","2013",32615.703397,
"KOR","GDP","TOT","USD_CAP","A","2014",33631.322901,
"KOR","GDP","TOT","USD_CAP","A","2015",34421.543775,
"KOR","GDP","TOT","USD_CAP","A","2016",35750.565576,"P"
"LUX","GDP","TOT","USD_CAP","A","2006",77948.76669,
"LUX","GDP","TOT","USD_CAP","A","2007",83825.291602,
"LUX","GDP","TOT","USD_CAP","A","2008",86591.985457,
"LUX","GDP","TOT","USD_CAP","A","2009",82290.426692,
"LUX","GDP","TOT","USD_CAP","A","2010",85680.189292,
"LUX","GDP","TOT","USD_CAP","A","2011",91814.036613,
"LUX","GDP","TOT","USD_CAP","A","2012",91526.720705,
"LUX","GDP","TOT","USD_CAP","A","2013",95246.113893,
"LUX","GDP","TOT","USD_CAP","A","2014",101510.699224,
"LUX","GDP","TOT","USD_CAP","A","2015",103769.788007,
"LUX","GDP","TOT","USD_CAP","A","2016",103352.163912,
"MEX","GDP","TOT","USD_CAP","A","2006",13504.752699,
"MEX","GDP","TOT","USD_CAP","A","2007",14131.626379,
"MEX","GDP","TOT","USD_CAP","A","2008",14743.300553,
"MEX","GDP","TOT","USD_CAP","A","2009",14397.968252,
"MEX","GDP","TOT","USD_CAP","A","2010",15143.267122,
"MEX","GDP","TOT","USD_CAP","A","2011",16366.300793,
"MEX","GDP","TOT","USD_CAP","A","2012",16957.69746,
"MEX","GDP","TOT","USD_CAP","A","2013",17224.959952,
"MEX","GDP","TOT","USD_CAP","A","2014",17973.264759,"E"
"MEX","GDP","TOT","USD_CAP","A","2015",17894.215845,"E"
"MEX","GDP","TOT","USD_CAP","A","2016",18579.426621,"E"
"NLD","GDP","TOT","USD_CAP","A","2006",40633.421739,
"NLD","GDP","TOT","USD_CAP","A","2007",43471.864487,
"NLD","GDP","TOT","USD_CAP","A","2008",45859.478469,
"NLD","GDP","TOT","USD_CAP","A","2009",44102.020277,
"NLD","GDP","TOT","USD_CAP","A","2010",44594.618133,
"NLD","GDP","TOT","USD_CAP","A","2011",46066.856674,
"NLD","GDP","TOT","USD_CAP","A","2012",46715.500984,
"NLD","GDP","TOT","USD_CAP","A","2013",48679.159418,
"NLD","GDP","TOT","USD_CAP","A","2014",49017.866446,
"NLD","GDP","TOT","USD_CAP","A","2015",50077.591026,"P"
"NLD","GDP","TOT","USD_CAP","A","2016",51284.583118,"P"
"NZL","GDP","TOT","USD_CAP","A","2006",27685.833229,
"NZL","GDP","TOT","USD_CAP","A","2007",29309.385207,
"NZL","GDP","TOT","USD_CAP","A","2008",29782.229208,
"NZL","GDP","TOT","USD_CAP","A","2009",30589.969586,
"NZL","GDP","TOT","USD_CAP","A","2010",31176.100424,
"NZL","GDP","TOT","USD_CAP","A","2011",32667.478684,
"NZL","GDP","TOT","USD_CAP","A","2012",32912.105077,
"NZL","GDP","TOT","USD_CAP","A","2013",36024.433316,
"NZL","GDP","TOT","USD_CAP","A","2014",36983.283228,
"NZL","GDP","TOT","USD_CAP","A","2015",37724.812926,
"NZL","GDP","TOT","USD_CAP","A","2016",38822.988682,"E"
"NOR","GDP","TOT","USD_CAP","A","2006",54107.133389,
"NOR","GDP","TOT","USD_CAP","A","2007",55876.640271,
"NOR","GDP","TOT","USD_CAP","A","2008",61759.991318,
"NOR","GDP","TOT","USD_CAP","A","2009",55491.077113,
"NOR","GDP","TOT","USD_CAP","A","2010",58080.579889,
"NOR","GDP","TOT","USD_CAP","A","2011",62146.13251,
"NOR","GDP","TOT","USD_CAP","A","2012",65441.924842,
"NOR","GDP","TOT","USD_CAP","A","2013",67051.142866,
"NOR","GDP","TOT","USD_CAP","A","2014",65790.017265,
"NOR","GDP","TOT","USD_CAP","A","2015",62038.19762,
"NOR","GDP","TOT","USD_CAP","A","2016",59349.980371,
"POL","GDP","TOT","USD_CAP","A","2006",15154.578191,"E"
"POL","GDP","TOT","USD_CAP","A","2007",16783.384082,"E"
"POL","GDP","TOT","USD_CAP","A","2008",18315.13109,"E"
"POL","GDP","TOT","USD_CAP","A","2009",19265.423845,"E"
"POL","GDP","TOT","USD_CAP","A","2010",20829.381399,"E"
"POL","GDP","TOT","USD_CAP","A","2011",22576.179383,"E"
"POL","GDP","TOT","USD_CAP","A","2012",23542.002955,"E"
"POL","GDP","TOT","USD_CAP","A","2013",24422.763907,"E"
"POL","GDP","TOT","USD_CAP","A","2014",25392.96719,"E"
"POL","GDP","TOT","USD_CAP","A","2015",26529.567095,"E"
"POL","GDP","TOT","USD_CAP","A","2016",27574.635276,"E"
"PRT","GDP","TOT","USD_CAP","A","2006",24669.530527,
"PRT","GDP","TOT","USD_CAP","A","2007",25695.763461,
"PRT","GDP","TOT","USD_CAP","A","2008",26631.49833,
"PRT","GDP","TOT","USD_CAP","A","2009",26496.302089,
"PRT","GDP","TOT","USD_CAP","A","2010",27360.981528,
"PRT","GDP","TOT","USD_CAP","A","2011",26780.130678,
"PRT","GDP","TOT","USD_CAP","A","2012",26454.226847,
"PRT","GDP","TOT","USD_CAP","A","2013",27899.476143,
"PRT","GDP","TOT","USD_CAP","A","2014",28806.182786,
"PRT","GDP","TOT","USD_CAP","A","2015",29738.132559,
"PRT","GDP","TOT","USD_CAP","A","2016",30662.255383,"P"
"SVK","GDP","TOT","USD_CAP","A","2006",18812.959341,
"SVK","GDP","TOT","USD_CAP","A","2007",21070.779311,
"SVK","GDP","TOT","USD_CAP","A","2008",23574.932189,
"SVK","GDP","TOT","USD_CAP","A","2009",22949.223553,
"SVK","GDP","TOT","USD_CAP","A","2010",24833.009097,
"SVK","GDP","TOT","USD_CAP","A","2011",25836.338992,
"SVK","GDP","TOT","USD_CAP","A","2012",26654.008792,
"SVK","GDP","TOT","USD_CAP","A","2013",27899.621343,
"SVK","GDP","TOT","USD_CAP","A","2014",29074.623277,
"SVK","GDP","TOT","USD_CAP","A","2015",29995.27848,
"SVK","GDP","TOT","USD_CAP","A","2016",30694.235988,
"ESP","GDP","TOT","USD_CAP","A","2006",30858.560647,
"ESP","GDP","TOT","USD_CAP","A","2007",32577.618013,
"ESP","GDP","TOT","USD_CAP","A","2008",33442.499732,
"ESP","GDP","TOT","USD_CAP","A","2009",32420.91809,
"ESP","GDP","TOT","USD_CAP","A","2010",31994.720576,
"ESP","GDP","TOT","USD_CAP","A","2011",32072.688367,
"ESP","GDP","TOT","USD_CAP","A","2012",31992.80352,
"ESP","GDP","TOT","USD_CAP","A","2013",32622.659976,
"ESP","GDP","TOT","USD_CAP","A","2014",33702.636545,"P"
"ESP","GDP","TOT","USD_CAP","A","2015",34867.370306,"P"
"ESP","GDP","TOT","USD_CAP","A","2016",36443.185539,"P"
"SWE","GDP","TOT","USD_CAP","A","2006",37439.858252,
"SWE","GDP","TOT","USD_CAP","A","2007",40563.801274,
"SWE","GDP","TOT","USD_CAP","A","2008",41853.864867,
"SWE","GDP","TOT","USD_CAP","A","2009",39693.391227,
"SWE","GDP","TOT","USD_CAP","A","2010",41667.946162,
"SWE","GDP","TOT","USD_CAP","A","2011",43755.122858,
"SWE","GDP","TOT","USD_CAP","A","2012",44724.851249,
"SWE","GDP","TOT","USD_CAP","A","2013",45673.073298,
"SWE","GDP","TOT","USD_CAP","A","2014",46404.792473,
"SWE","GDP","TOT","USD_CAP","A","2015",48037.769537,
"SWE","GDP","TOT","USD_CAP","A","2016",49409.773892,
"CHE","GDP","TOT","USD_CAP","A","2006",44885.23499,
"CHE","GDP","TOT","USD_CAP","A","2007",49480.79107,
"CHE","GDP","TOT","USD_CAP","A","2008",52362.64918,
"CHE","GDP","TOT","USD_CAP","A","2009",51617.303196,
"CHE","GDP","TOT","USD_CAP","A","2010",52962.036145,
"CHE","GDP","TOT","USD_CAP","A","2011",56183.817871,
"CHE","GDP","TOT","USD_CAP","A","2012",57849.601723,
"CHE","GDP","TOT","USD_CAP","A","2013",60108.540531,
"CHE","GDP","TOT","USD_CAP","A","2014",61792.311219,
"CHE","GDP","TOT","USD_CAP","A","2015",63291.547212,
"CHE","GDP","TOT","USD_CAP","A","2016",63739.037288,"P"
"TUR","GDP","TOT","USD_CAP","A","2006",13503.967735,
"TUR","GDP","TOT","USD_CAP","A","2007",14709.649187,
"TUR","GDP","TOT","USD_CAP","A","2008",15901.07695,
"TUR","GDP","TOT","USD_CAP","A","2009",15348.914311,
"TUR","GDP","TOT","USD_CAP","A","2010",17297.873497,
"TUR","GDP","TOT","USD_CAP","A","2011",19517.181462,
"TUR","GDP","TOT","USD_CAP","A","2012",20549.293077,"E"
"TUR","GDP","TOT","USD_CAP","A","2013",22314.403668,"E"
"TUR","GDP","TOT","USD_CAP","A","2014",23235.575184,"E"
"TUR","GDP","TOT","USD_CAP","A","2015",24324.188606,"E"
"TUR","GDP","TOT","USD_CAP","A","2016",24807.226655,"E"
"GBR","GDP","TOT","USD_CAP","A","2006",34527.326836,
"GBR","GDP","TOT","USD_CAP","A","2007",35283.619059,
"GBR","GDP","TOT","USD_CAP","A","2008",36247.53199,
"GBR","GDP","TOT","USD_CAP","A","2009",34640.18545,
"GBR","GDP","TOT","USD_CAP","A","2010",35914.00966,
"GBR","GDP","TOT","USD_CAP","A","2011",36592.891824,
"GBR","GDP","TOT","USD_CAP","A","2012",37702.821047,
"GBR","GDP","TOT","USD_CAP","A","2013",39321.764386,
"GBR","GDP","TOT","USD_CAP","A","2014",41045.19312,
"GBR","GDP","TOT","USD_CAP","A","2015",42136.851459,
"GBR","GDP","TOT","USD_CAP","A","2016",43123.849481,
"USA","GDP","TOT","USD_CAP","A","2006",46368.987143,
"USA","GDP","TOT","USD_CAP","A","2007",47987.494034,
"USA","GDP","TOT","USD_CAP","A","2008",48330.061765,
"USA","GDP","TOT","USD_CAP","A","2009",46929.888686,
"USA","GDP","TOT","USD_CAP","A","2010",48303.175264,
"USA","GDP","TOT","USD_CAP","A","2011",49718.775832,
"USA","GDP","TOT","USD_CAP","A","2012",51388.157531,
"USA","GDP","TOT","USD_CAP","A","2013",52726.31559,
"USA","GDP","TOT","USD_CAP","A","2014",54651.362395,
"USA","GDP","TOT","USD_CAP","A","2015",56420.415166,
"USA","GDP","TOT","USD_CAP","A","2016",57591.197652,
"CHL","GDP","TOT","USD_CAP","A","2006",15509.997976,
"CHL","GDP","TOT","USD_CAP","A","2007",16754.55911,
"CHL","GDP","TOT","USD_CAP","A","2008",16323.279254,
"CHL","GDP","TOT","USD_CAP","A","2009",16172.955112,
"CHL","GDP","TOT","USD_CAP","A","2010",18249.413465,
"CHL","GDP","TOT","USD_CAP","A","2011",20302.78871,
"CHL","GDP","TOT","USD_CAP","A","2012",21446.537619,
"CHL","GDP","TOT","USD_CAP","A","2013",22352.530726,
"CHL","GDP","TOT","USD_CAP","A","2014",22794.474342,
"CHL","GDP","TOT","USD_CAP","A","2015",23210.939393,
"CHL","GDP","TOT","USD_CAP","A","2016",23477.543752,"E"
"CHN","GDP","TOT","USD_CAP","A","2006",5869.127051,
"CHN","GDP","TOT","USD_CAP","A","2007",6845.627363,
"CHN","GDP","TOT","USD_CAP","A","2008",7616.38215,
"CHN","GDP","TOT","USD_CAP","A","2009",8352.562613,
"CHN","GDP","TOT","USD_CAP","A","2010",9309.702656,
"CHN","GDP","TOT","USD_CAP","A","2011",10359.549328,
"CHN","GDP","TOT","USD_CAP","A","2012",11323.057393,
"CHN","GDP","TOT","USD_CAP","A","2013",12338.304049,
"CHN","GDP","TOT","USD_CAP","A","2014",13387.88552,
"CHN","GDP","TOT","USD_CAP","A","2015",14388.111839,
"COL","GDP","TOT","USD_CAP","A","2006",9046.028501,
"COL","GDP","TOT","USD_CAP","A","2007",9809.877945,
"COL","GDP","TOT","USD_CAP","A","2008",10234.929874,
"COL","GDP","TOT","USD_CAP","A","2009",10359.991385,
"COL","GDP","TOT","USD_CAP","A","2010",10775.871163,
"COL","GDP","TOT","USD_CAP","A","2011",11586.873582,
"COL","GDP","TOT","USD_CAP","A","2012",12135.912787,
"COL","GDP","TOT","USD_CAP","A","2013",12786.863836,"E"
"COL","GDP","TOT","USD_CAP","A","2014",13405.196836,
"COL","GDP","TOT","USD_CAP","A","2015",13781.529255,
"COL","GDP","TOT","USD_CAP","A","2016",14129.60042,"E"
"EST","GDP","TOT","USD_CAP","A","2006",19213.574271,
"EST","GDP","TOT","USD_CAP","A","2007",21919.373693,
"EST","GDP","TOT","USD_CAP","A","2008",22641.840129,
"EST","GDP","TOT","USD_CAP","A","2009",20505.132969,
"EST","GDP","TOT","USD_CAP","A","2010",21593.833533,
"EST","GDP","TOT","USD_CAP","A","2011",24501.344422,
"EST","GDP","TOT","USD_CAP","A","2012",25973.316907,
"EST","GDP","TOT","USD_CAP","A","2013",27449.852709,
"EST","GDP","TOT","USD_CAP","A","2014",28527.676279,
"EST","GDP","TOT","USD_CAP","A","2015",29130.67684,
"EST","GDP","TOT","USD_CAP","A","2016",29633.140771,
"IND","GDP","TOT","USD_CAP","A","2006",3285.274563,
"IND","GDP","TOT","USD_CAP","A","2007",3611.924302,
"IND","GDP","TOT","USD_CAP","A","2008",3741.729202,
"IND","GDP","TOT","USD_CAP","A","2009",4113.691389,
"IDN","GDP","TOT","USD_CAP","A","2006",7358.969249,"E"
"IDN","GDP","TOT","USD_CAP","A","2007",7931.092062,"E"
"IDN","GDP","TOT","USD_CAP","A","2008",8464.897752,
"IDN","GDP","TOT","USD_CAP","A","2009",8637.561447,
"IDN","GDP","TOT","USD_CAP","A","2010",8432.687957,
"IDN","GDP","TOT","USD_CAP","A","2011",8973.551846,"E"
"IDN","GDP","TOT","USD_CAP","A","2012",9554.344552,"E"
"IDN","GDP","TOT","USD_CAP","A","2013",10109.934797,"E"
"IDN","GDP","TOT","USD_CAP","A","2014",10649.015306,"E"
"IDN","GDP","TOT","USD_CAP","A","2015",11125.883729,"E"
"ISR","GDP","TOT","USD_CAP","A","2006",25558.555511,
"ISR","GDP","TOT","USD_CAP","A","2007",27345.657697,
"ISR","GDP","TOT","USD_CAP","A","2008",27241.817117,
"ISR","GDP","TOT","USD_CAP","A","2009",27505.203403,
"ISR","GDP","TOT","USD_CAP","A","2010",28848.766359,
"ISR","GDP","TOT","USD_CAP","A","2011",30569.05603,
"ISR","GDP","TOT","USD_CAP","A","2012",31721.32376,
"ISR","GDP","TOT","USD_CAP","A","2013",34143.742761,
"ISR","GDP","TOT","USD_CAP","A","2014",34904.742177,
"ISR","GDP","TOT","USD_CAP","A","2015",36519.848955,
"ISR","GDP","TOT","USD_CAP","A","2016",37798.932529,
"RUS","GDP","TOT","USD_CAP","A","2006",16066.279468,"E"
"RUS","GDP","TOT","USD_CAP","A","2007",17932.270335,"E"
"RUS","GDP","TOT","USD_CAP","A","2008",21718.305044,"E"
"RUS","GDP","TOT","USD_CAP","A","2009",20881.38975,"E"
"RUS","GDP","TOT","USD_CAP","A","2010",22078.424787,"E"
"RUS","GDP","TOT","USD_CAP","A","2011",24310.03883,
"RUS","GDP","TOT","USD_CAP","A","2012",25820.932134,"E"
"RUS","GDP","TOT","USD_CAP","A","2013",26278.163432,"E"
"RUS","GDP","TOT","USD_CAP","A","2014",25901.076914,"E"
"RUS","GDP","TOT","USD_CAP","A","2015",23720.018388,"E"
"RUS","GDP","TOT","USD_CAP","A","2016",23224.676643,"E"
"SVN","GDP","TOT","USD_CAP","A","2006",25765.397256,
"SVN","GDP","TOT","USD_CAP","A","2007",27584.71173,
"SVN","GDP","TOT","USD_CAP","A","2008",29614.587595,"B"
"SVN","GDP","TOT","USD_CAP","A","2009",27477.258506,
"SVN","GDP","TOT","USD_CAP","A","2010",27789.774584,
"SVN","GDP","TOT","USD_CAP","A","2011",28804.727303,
"SVN","GDP","TOT","USD_CAP","A","2012",28906.328743,
"SVN","GDP","TOT","USD_CAP","A","2013",29802.653408,
"SVN","GDP","TOT","USD_CAP","A","2014",31232.014811,
"SVN","GDP","TOT","USD_CAP","A","2015",32189.196321,
"SVN","GDP","TOT","USD_CAP","A","2016",33424.740618,
"ZAF","GDP","TOT","USD_CAP","A","2006",10658.712027,
"ZAF","GDP","TOT","USD_CAP","A","2007",11368.817012,
"ZAF","GDP","TOT","USD_CAP","A","2008",11792.110191,
"ZAF","GDP","TOT","USD_CAP","A","2009",11529.350966,
"ZAF","GDP","TOT","USD_CAP","A","2010",11847.018985,
"ZAF","GDP","TOT","USD_CAP","A","2011",12286.4741,
"ZAF","GDP","TOT","USD_CAP","A","2012",12565.469884,
"ZAF","GDP","TOT","USD_CAP","A","2013",12901.918582,
"ZAF","GDP","TOT","USD_CAP","A","2014",13119.691232,
"ZAF","GDP","TOT","USD_CAP","A","2015",13398.609421,"E"
"ZAF","GDP","TOT","USD_CAP","A","2016",13328.912204,"E"
"EU28","GDP","TOT","USD_CAP","A","2006",29870.695842,
"EU28","GDP","TOT","USD_CAP","A","2007",31607.038848,
"EU28","GDP","TOT","USD_CAP","A","2008",33035.003491,
"EU28","GDP","TOT","USD_CAP","A","2009",32272.604124,
"EU28","GDP","TOT","USD_CAP","A","2010",33362.454585,
"EU28","GDP","TOT","USD_CAP","A","2011",34672.557603,
"EU28","GDP","TOT","USD_CAP","A","2012",35217.335756,
"EU28","GDP","TOT","USD_CAP","A","2013",36460.864353,
"EU28","GDP","TOT","USD_CAP","A","2014",37636.391897,
"EU28","GDP","TOT","USD_CAP","A","2015",38890.517155,
"EU28","GDP","TOT","USD_CAP","A","2016",39849.917495,
"OECD","GDP","TOT","USD_CAP","A","2006",32547.136498,"E"
"OECD","GDP","TOT","USD_CAP","A","2007",34093.836323,"E"
"OECD","GDP","TOT","USD_CAP","A","2008",34929.884929,"E"
"OECD","GDP","TOT","USD_CAP","A","2009",33977.129862,"E"
"OECD","GDP","TOT","USD_CAP","A","2010",35293.696289,"E"
"OECD","GDP","TOT","USD_CAP","A","2011",36639.250936,"E"
"OECD","GDP","TOT","USD_CAP","A","2012",37591.661548,"E"
"OECD","GDP","TOT","USD_CAP","A","2013",38913.044957,"E"
"OECD","GDP","TOT","USD_CAP","A","2014",40083.69353,"E"
"OECD","GDP","TOT","USD_CAP","A","2015",41199.526179,"E"
"OECD","GDP","TOT","USD_CAP","A","2016",42098.245203,"E"
"OECDE","GDP","TOT","USD_CAP","A","2006",29347.158746,"E"
"OECDE","GDP","TOT","USD_CAP","A","2007",31021.536755,"E"
"OECDE","GDP","TOT","USD_CAP","A","2008",32389.320987,"E"
"OECDE","GDP","TOT","USD_CAP","A","2009",31563.984547,"E"
"OECDE","GDP","TOT","USD_CAP","A","2010",32763.694605,"E"
"OECDE","GDP","TOT","USD_CAP","A","2011",34240.447212,"E"
"OECDE","GDP","TOT","USD_CAP","A","2012",34850.944597,"E"
"OECDE","GDP","TOT","USD_CAP","A","2013",36193.48213,"E"
"OECDE","GDP","TOT","USD_CAP","A","2014",37319.572414,"E"
"OECDE","GDP","TOT","USD_CAP","A","2015",38495.369451,"E"
"OECDE","GDP","TOT","USD_CAP","A","2016",39314.442093,"E"
"LVA","GDP","TOT","USD_CAP","A","2006",15759.445118,
"LVA","GDP","TOT","USD_CAP","A","2007",18116.271998,
"LVA","GDP","TOT","USD_CAP","A","2008",19428.574744,
"LVA","GDP","TOT","USD_CAP","A","2009",16886.641855,
"LVA","GDP","TOT","USD_CAP","A","2010",17594.89527,
"LVA","GDP","TOT","USD_CAP","A","2011",19781.815814,
"LVA","GDP","TOT","USD_CAP","A","2012",21259.780838,
"LVA","GDP","TOT","USD_CAP","A","2013",22719.355294,
"LVA","GDP","TOT","USD_CAP","A","2014",23931.805261,
"LVA","GDP","TOT","USD_CAP","A","2015",24886.524508,
"LVA","GDP","TOT","USD_CAP","A","2016",25835.608136,
"BRA","GDP","TOT","USD_CAP","A","2006",11708.47147,
"BRA","GDP","TOT","USD_CAP","A","2007",12606.787507,
"BRA","GDP","TOT","USD_CAP","A","2008",13362.866139,
"BRA","GDP","TOT","USD_CAP","A","2009",13307.600154,
"BRA","GDP","TOT","USD_CAP","A","2010",14339.512992,
"BRA","GDP","TOT","USD_CAP","A","2011",15070.923438,
"BRA","GDP","TOT","USD_CAP","A","2012",15516.514815,
"BRA","GDP","TOT","USD_CAP","A","2013",16116.504951,
"BRA","GDP","TOT","USD_CAP","A","2014",16472.78363,
"BRA","GDP","TOT","USD_CAP","A","2015",15869.068676,"E"
"BRA","GDP","TOT","USD_CAP","A","2016",15243.039154,"E"
"LTU","GDP","TOT","USD_CAP","A","2006",16494.002061,
"LTU","GDP","TOT","USD_CAP","A","2007",19087.936017,
"LTU","GDP","TOT","USD_CAP","A","2008",20744.009182,
"LTU","GDP","TOT","USD_CAP","A","2009",18164.520967,
"LTU","GDP","TOT","USD_CAP","A","2010",20129.743269,
"LTU","GDP","TOT","USD_CAP","A","2011",22854.295104,
"LTU","GDP","TOT","USD_CAP","A","2012",24658.086223,
"LTU","GDP","TOT","USD_CAP","A","2013",26660.695362,
"LTU","GDP","TOT","USD_CAP","A","2014",28137.580351,
"LTU","GDP","TOT","USD_CAP","A","2015",28987.30176,
"LTU","GDP","TOT","USD_CAP","A","2016",29924.192658,
"SAU","GDP","TOT","USD_CAP","A","2006",37855.349688,
"SAU","GDP","TOT","USD_CAP","A","2007",40091.732492,
"SAU","GDP","TOT","USD_CAP","A","2008",43147.170697,
"SAU","GDP","TOT","USD_CAP","A","2009",43073.353898,
"SAU","GDP","TOT","USD_CAP","A","2010",44402.887387,
"SAU","GDP","TOT","USD_CAP","A","2011",48399.411653,
"SAU","GDP","TOT","USD_CAP","A","2012",50429.97256,
"SAU","GDP","TOT","USD_CAP","A","2013",51112.502569,
"SAU","GDP","TOT","USD_CAP","A","2014",52386.508922,
"SAU","GDP","TOT","USD_CAP","A","2015",53401.649013,
"SAU","GDP","TOT","USD_CAP","A","2016",54509.178615,
"EA19","GDP","TOT","USD_CAP","A","2006",32679.588653,
"EA19","GDP","TOT","USD_CAP","A","2007",34546.713512,
"EA19","GDP","TOT","USD_CAP","A","2008",35889.976346,
"EA19","GDP","TOT","USD_CAP","A","2009",35025.787085,
"EA19","GDP","TOT","USD_CAP","A","2010",36023.413617,
"EA19","GDP","TOT","USD_CAP","A","2011",37404.968875,
"EA19","GDP","TOT","USD_CAP","A","2012",37759.046041,
"EA19","GDP","TOT","USD_CAP","A","2013",38988.572194,
"EA19","GDP","TOT","USD_CAP","A","2014",40084.092184,
"EA19","GDP","TOT","USD_CAP","A","2015",41344.53724,
"EA19","GDP","TOT","USD_CAP","A","2016",42242.04106,
"ARG","GDP","TOT","USD_CAP","A","2006",15430.038506,
"ARG","GDP","TOT","USD_CAP","A","2007",17108.55338,
"ARG","GDP","TOT","USD_CAP","A","2008",18008.566615,
"ARG","GDP","TOT","USD_CAP","A","2009",16899.639904,
"ARG","GDP","TOT","USD_CAP","A","2010",18699.677488,
"ARG","GDP","TOT","USD_CAP","A","2011",20075.403025,
"ARG","GDP","TOT","USD_CAP","A","2012",20063.525783,
"ARG","GDP","TOT","USD_CAP","A","2013",20703.962881,
"ARG","GDP","TOT","USD_CAP","A","2014",20307.637819,
"ARG","GDP","TOT","USD_CAP","A","2015",20982.092377,
"ARG","GDP","TOT","USD_CAP","A","2016",20451.757609,"E"
"CRI","GDP","TOT","USD_CAP","A","2006",10743.144202,
"CRI","GDP","TOT","USD_CAP","A","2007",11889.739321,
"CRI","GDP","TOT","USD_CAP","A","2008",12398.556779,
"CRI","GDP","TOT","USD_CAP","A","2009",12347.749497,
"CRI","GDP","TOT","USD_CAP","A","2010",12730.584631,"B"
"CRI","GDP","TOT","USD_CAP","A","2011",13428.858079,
"CRI","GDP","TOT","USD_CAP","A","2012",14208.744157,
"CRI","GDP","TOT","USD_CAP","A","2013",14523.343457,
"CRI","GDP","TOT","USD_CAP","A","2014",15264.095898,
"CRI","GDP","TOT","USD_CAP","A","2015",16422.070896,
"BGR","GDP","TOT","USD_CAP","A","2006",11320.03655,
"BGR","GDP","TOT","USD_CAP","A","2007",12795.778781,
"BGR","GDP","TOT","USD_CAP","A","2008",14328.896148,
"BGR","GDP","TOT","USD_CAP","A","2009",14160.672574,
"BGR","GDP","TOT","USD_CAP","A","2010",14962.996959,
"BGR","GDP","TOT","USD_CAP","A","2011",15676.11978,
"BGR","GDP","TOT","USD_CAP","A","2012",16208.281704,
"BGR","GDP","TOT","USD_CAP","A","2013",16631.749703,
"BGR","GDP","TOT","USD_CAP","A","2014",17390.701106,"P"
"BGR","GDP","TOT","USD_CAP","A","2015",18184.642428,"P"
"BGR","GDP","TOT","USD_CAP","A","2016",19057.779758,"P"
"HRV","GDP","TOT","USD_CAP","A","2006",17433.368714,"P"
"HRV","GDP","TOT","USD_CAP","A","2007",19294.05186,"P"
"HRV","GDP","TOT","USD_CAP","A","2008",20818.498759,
"HRV","GDP","TOT","USD_CAP","A","2009",20021.294754,
"HRV","GDP","TOT","USD_CAP","A","2010",19804.351532,
"HRV","GDP","TOT","USD_CAP","A","2011",20721.672722,
"HRV","GDP","TOT","USD_CAP","A","2012",21158.704907,
"HRV","GDP","TOT","USD_CAP","A","2013",21771.127257,
"HRV","GDP","TOT","USD_CAP","A","2014",22167.02245,
"HRV","GDP","TOT","USD_CAP","A","2015",22827.910787,
"HRV","GDP","TOT","USD_CAP","A","2016",23883.014238,"P"
"CYP","GDP","TOT","USD_CAP","A","2006",30001.381317,
"CYP","GDP","TOT","USD_CAP","A","2007",32836.870979,
"CYP","GDP","TOT","USD_CAP","A","2008",34823.551437,
"CYP","GDP","TOT","USD_CAP","A","2009",33923.009969,
"CYP","GDP","TOT","USD_CAP","A","2010",33295.114633,
"CYP","GDP","TOT","USD_CAP","A","2011",33192.436136,
"CYP","GDP","TOT","USD_CAP","A","2012",31877.513412,
"CYP","GDP","TOT","USD_CAP","A","2013",30583.263188,
"CYP","GDP","TOT","USD_CAP","A","2014",30455.553074,
"CYP","GDP","TOT","USD_CAP","A","2015",31513.971991,
"CYP","GDP","TOT","USD_CAP","A","2016",32364.167401,"P"
"MLT","GDP","TOT","USD_CAP","A","2006",23240.732518,
"MLT","GDP","TOT","USD_CAP","A","2007",24882.500343,
"MLT","GDP","TOT","USD_CAP","A","2008",26193.205015,
"MLT","GDP","TOT","USD_CAP","A","2009",26168.138083,
"MLT","GDP","TOT","USD_CAP","A","2010",27865.517769,
"MLT","GDP","TOT","USD_CAP","A","2011",28609.611281,
"MLT","GDP","TOT","USD_CAP","A","2012",29458.718822,
"MLT","GDP","TOT","USD_CAP","A","2013",31257.908046,
"MLT","GDP","TOT","USD_CAP","A","2014",33906.793185,
"MLT","GDP","TOT","USD_CAP","A","2015",35841.85413,
"MLT","GDP","TOT","USD_CAP","A","2016",37880.531993,
"PER","GDP","TOT","USD_CAP","A","2007",8024.908945,
"PER","GDP","TOT","USD_CAP","A","2008",8755.448989,
"PER","GDP","TOT","USD_CAP","A","2009",8862.677077,
"PER","GDP","TOT","USD_CAP","A","2010",9582.609467,
"PER","GDP","TOT","USD_CAP","A","2011",10435.871322,
"PER","GDP","TOT","USD_CAP","A","2012",11054.044555,
"PER","GDP","TOT","USD_CAP","A","2013",11714.398477,"P"
"PER","GDP","TOT","USD_CAP","A","2014",11999.749608,"P"
"ROU","GDP","TOT","USD_CAP","A","2006",11694.285415,
"ROU","GDP","TOT","USD_CAP","A","2007",13442.516082,
"ROU","GDP","TOT","USD_CAP","A","2008",16301.961214,
"ROU","GDP","TOT","USD_CAP","A","2009",16013.397342,
"ROU","GDP","TOT","USD_CAP","A","2010",17180.593184,
"ROU","GDP","TOT","USD_CAP","A","2011",18094.893996,
"ROU","GDP","TOT","USD_CAP","A","2012",18981.370361,"B"
"ROU","GDP","TOT","USD_CAP","A","2013",19854.576773,
"ROU","GDP","TOT","USD_CAP","A","2014",20774.252506,
"ROU","GDP","TOT","USD_CAP","A","2015",22047.987561,"P"
"ROU","GDP","TOT","USD_CAP","A","2016",23406.330362,"P"
